city,city_ascii,lat,lng,pop,country,iso2,iso3,province
Aba,5.100397968,7.34998002,Nigeria
Abbottabad,34.1495034,73.19950069,Pakistan
Abidjan,5.319996967,-4.04004826,Ivory Coast
Abu Dhabi,24.46668357,54.36659338,United Arab Emirates
Abuja,9.083333149,7.533328002,Nigeria
Acapulco,16.84999086,-99.91597905,Mexico
Accra,5.550034606,-0.21671574,Ghana
Ad Damman,26.42819175,50.09967037,Saudi Arabia
Adana,36.99498863,35.32000403,Turkey
Addis Ababa,9.033310363,38.70000443,Ethiopia
Adelaide,-34.93498777,138.6000048,Australia
Aden,12.77972251,45.00949011,Yemen
Agadir,30.43998822,-9.620043581,Morocco
Agra,27.17042035,78.01502071,India
Aguascalientes,21.87945992,-102.2904135,Mexico
Ahmedabad,23.03005292,72.58000362,India
Ahvaz,31.27998863,48.72001298,Iran
Ajmer,26.44999921,74.63998124,India
Al Hillah,23.4894564,46.75636023,Saudi Arabia
Al Hudaydah,14.79794558,42.95297481,Yemen
Al Hufuf,25.3487486,49.58559322,Saudi Arabia
Albuquerque,35.10497479,-106.6413308,United States of America
Aleppo,36.22997072,37.1700203,Syria
Alexandria,31.20001935,29.94999589,Egypt
Algiers,36.7630648,3.05055253,Algeria
Aligarh,27.89221092,78.06178788,India
Allahabad,25.45499534,81.84000688,India
Almaty,43.32498985,76.91503617,Kazakhstan
Amman,31.95002525,35.93329993,Jordan
Amravati,20.94997316,77.77002274,India
Amritsar,31.63999249,74.86999304,India
Amsterdam,52.34996869,4.916640176,Netherlands
An Najaf,32.00033225,44.33537105,Iraq
Ankang,32.67998069,109.0200016,China
Ankara,39.92723859,32.86439164,Turkey
Ansan,37.34806785,126.8595328,South Korea
Anshan,41.11502138,122.9400305,China
Anshun,26.25039899,105.9300093,China
Antalya,36.88998212,30.69997595,Turkey
Antananarivo,-18.91663735,47.5166239,Madagascar
Antwerpen,51.22037355,4.415017048,Belgium
Anyang,36.07997988,114.3500122,China
Aracaju,-10.90002073,-37.11996708,Brazil
Arequipa,-16.41999388,-71.53001144,Peru
As Sulaymaniyah,35.56127769,45.43085974,Iraq
Asansol,23.6833333,86.9833333,India
Ashgabat,37.94999493,58.38329911,Turkmenistan
Asmara,15.33333925,38.93332353,Eritrea
Asuncion,-25.29640298,-57.64150517,Paraguay
At Taif,21.26222801,40.38227901,Saudi Arabia
Athens,37.98332623,23.73332108,Greece
Atlanta,33.83001385,-84.39994938,United States of America
Auckland,-36.850013,174.7649808,New Zealand
Aurangabad,19.89569643,75.32030147,India
Austin,30.26694969,-97.74277836,United States of America
Az Zarqa,32.06999208,36.1000081,Jordan
Bacolod,10.63168825,122.9816817,Philippines
Baghdad,33.3386485,44.39386877,Iraq
Bahawalpur,29.38997479,71.67499426,Pakistan
Baku,40.39527203,49.86221716,Azerbaijan
Baltimore,39.29999005,-76.61998499,United States of America
Bamako,12.65001467,-8.000039105,Mali
Bandar Lampung,-5.430018698,105.2699979,Indonesia
Bandjarmasin,-3.329991843,114.5800756,Indonesia
Bandung,-6.950029278,107.5700126,Indonesia
Bangalore,12.96999514,77.56000972,India
Banghazi,32.11673342,20.06672318,Libya
Bangkok,13.74999921,100.5166447,Thailand
Bangui,4.366644306,18.55828813,Central African Republic
Bannu,32.98897992,70.59857418,Pakistan
Baoding,38.87042971,115.4800207,China
Baoji,34.38000612,107.1499865,China
Baoshan,25.11997703,99.15000972,China
Baotou,40.65220725,109.8220198,China
Barcelona,41.38329958,2.183370319,Spain
Bareilly,28.34538739,79.41999955,India
Barnaul,53.35499778,83.74500688,Russia
Barquisimeto,10.04999249,-69.29996668,Venezuela
Barranquilla,10.95998863,-74.79996688,Colombia
Basel,47.58038902,7.590017048,Switzerland
Basra,30.51352378,47.81355668,Iraq
Beihai,21.4804059,109.1000484,China
Beijing,39.92889223,116.3882857,China
Beira,-19.82004474,34.87000565,Mozambique
Beirut,33.87197512,35.50970821,Lebanon
Bekasi,-6.217257468,106.972323,Indonesia
Belem,-1.450003236,-48.48002303,Brazil
Belgaum,15.86501223,74.5050024,India
Belgrade,44.81864545,20.46799068,Serbia
Belo Horizonte,-19.91502602,-43.91500452,Brazil
Bengbu,32.94999005,117.330037,China
Benin City,6.340477314,5.620008096,Nigeria
Benoni,-26.14958087,28.32993974,South Africa
Benxi,41.33038291,123.7500069,China
Berlin,52.52181866,13.40154862,Germany
Bhavnagar,21.77842389,72.12995357,India
Bhilai,21.2166667,81.4333333,India
Bhiwandi,19.35001914,73.12999589,India
Bhopal,23.24998781,77.40999304,India
Bhubaneshwar,20.27042808,85.82736039,India
Bien Hoa,10.97001385,106.8300577,Vietnam
Bilbao,43.24998151,-2.929986818,Spain
Birmingham,52.47497398,-1.919996787,United Kingdom
Birmingham,33.53000633,-86.82499516,United States of America
Bishkek,42.87307945,74.58520422,Kyrgyzstan
Blantyre,-15.79000649,34.98994665,Malawi
Bogor,-6.570000795,106.7500109,Indonesia
Bogota,4.596423563,-74.08334396,Colombia
Bordeaux,44.85001304,-0.595013063,France
Boston,42.32996014,-71.07001367,United States of America
Bouake,7.689981505,-5.030013673,Ivory Coast
Braga,41.55499453,-8.421331219,Portugal
Brasilia,-15.78334023,-47.91605229,Brazil
Brazzaville,-4.259185772,15.28468949,Congo (Brazzaville)
Bremen,53.08000165,8.80002071,Germany
Bridgeport,41.17997866,-73.19996118,United States of America
Brisbane,-27.45503091,153.0350927,Australia
Brussels,50.83331708,4.333316608,Belgium
Bucaramanga,7.1300932,-73.12588302,Colombia
Bucharest,44.4333718,26.09994665,Romania
Budapest,47.50000633,19.08332068,Hungary
Buenos Aires,-34.60250161,-58.39753137,Argentina
Buffalo,42.87997825,-78.88000208,United States of America
Bulawayo,-20.16999754,28.58000199,Zimbabwe
Bur Said,31.25998985,32.2900081,Egypt
Bursa,40.1999868,29.06999792,Turkey
Busan,35.09505292,129.0100476,South Korea
Cagayan de Oro,8.450839456,124.6852986,Philippines
Cairo,30.04996035,31.24996822,Egypt
Calgary,51.08299176,-114.0799982,Canada
Cali,3.399959126,-76.49996647,Colombia
Callao,-12.07002684,-77.13496647,Peru
Campinas,-22.90001178,-47.10002975,Brazil
Campo Grande,-20.45003213,-54.61662521,Brazil
Can Tho,10.04999249,105.7700191,Vietnam
Cangzhou,38.32038576,116.8700134,China
Cape Town,-33.92001097,18.43498816,South Africa
Caracas,10.50099855,-66.91703719,Venezuela
Cardiff,51.49999473,-3.22500757,United Kingdom
Cartagena,10.39973859,-75.51439356,Colombia
Casablanca,33.59997622,-7.616367433,Morocco
Cebu,10.31997601,123.9000752,Philippines
Chandigarh,30.71999697,76.78000565,India
Changchun,43.86500856,125.3399873,China
Changde,29.02999676,111.6800459,China
Changsha,28.19996991,112.969993,China
Changzhi,36.18387534,113.1052819,China
Changzhou,31.77998395,119.9699792,China
Charlotte,35.20499453,-80.83003809,United States of America
Chelyabinsk,55.15499127,61.43866817,Russia
Chengdu,30.67000002,104.0700195,China
Chennai,13.08998781,80.27999874,India
Cheongju,36.64389895,127.5011991,South Korea
Chicago,41.82999066,-87.75005497,United States of America
Chiclayo,-6.762908916,-79.83658452,Peru
Chifeng,42.27001548,118.9499898,China
Chihuahua,28.64498151,-106.0849823,Mexico
Chisinau,47.00502362,28.85771114,Moldova
Chittagong,22.32999229,91.79996741,Bangladesh
Chongqing,29.56497703,106.5949816,China
Cilacap,-7.718819561,109.0154024,Indonesia
Cincinnati,39.16188479,-84.45692265,United States of America
Ciudad Guayana,8.370017516,-62.61998682,Venezuela
Ciudad Juarez,31.69037701,-106.4900481,Mexico
Cleveland,41.4699868,-81.69499821,United States of America
Cochabamba,-17.41001097,-66.16997685,Bolivia
Coimbatore,10.99996035,76.95002112,India
Cologne,50.93000368,6.950004434,Germany
Columbus,39.97997438,-82.9900096,United States of America
Conakry,9.531522846,-13.68023503,Guinea
Concepcion,-36.83001422,-73.05002202,Chile
Constantine,36.35998863,6.599948281,Algeria
Cordoba,-31.39995807,-64.18229456,Argentina
Cotonou,6.400008564,2.519990599,Benin
Cucuta,7.920019144,-72.51997685,Colombia
Cuernavaca,18.92110476,-99.23999964,Mexico
Cuiaba,-15.56960651,-56.08498519,Brazil
Culiacan,24.82999473,-107.3799679,Mexico
Curitiba,-25.420013,-49.3199976,Brazil
Cuttack,20.47000246,85.88994055,India
Da Nang,16.06003908,108.2499711,Vietnam
Daegu,35.86678876,128.6069714,South Korea
Daejeon,36.33554567,127.425028,South Korea
Dahuk,36.86670013,43.00000263,Iraq
Dakar,14.71583173,-17.47313013,Senegal
Dalian,38.92283839,121.6298308,China
Dallas,32.82002382,-96.84001693,United States of America
Damascus,33.500034,36.29999589,Syria
Dandong,40.14360781,124.3935852,China
Daqing,46.57995913,125.0000081,China
Dar es Salaam,-6.800012595,39.26834184,Tanzania
Datong,40.08001996,113.2999987,China
Davao,7.110016906,125.6299955,Philippines
Dehra Dun,30.32040895,78.05000565,India
Delhi,28.6699929,77.23000403,India
Denpasar,-8.650028871,115.2199849,Indonesia
Denver,39.73918805,-104.984016,United States of America
Detroit,42.32996014,-83.08005579,United States of America
Dhaka,23.72305971,90.40857947,Bangladesh
Dhanbad,23.80039349,86.41998572,India
Diyarbakir,37.92043601,40.23004024,Turkey
Djibouti,11.59501446,43.14800167,Djibouti
Dnipropetrovsk,48.47997235,35.00002356,Ukraine
Doha,25.28655601,51.53296789,Qatar
Donetsk,48.00000165,37.82998002,Ukraine
Dongguan,23.0488889,113.7447222,China
Dortmund,51.52996706,7.450025593,Germany
Douala,4.060409769,9.709991006,Cameroon
Dresden,51.04997052,13.75000281,Germany
Dubai,25.22999615,55.27997432,United Arab Emirates
Dublin,53.33306114,-6.248905682,Ireland
Duisburg,51.42997316,6.750016641,Germany
Duque de Caxias,-22.76999388,-43.30997685,Brazil
Durban,-29.865013,30.98001054,South Africa
Dushanbe,38.56003522,68.77387935,Tajikistan
Dusseldorf,51.22037355,6.779988972,Germany
Edmonton,53.55002464,-113.4999819,Canada
El Giza,30.00998863,31.19002356,Egypt
El Mansura,31.05044191,31.3800378,Egypt
El Paso,31.77998395,-106.5099952,United States of America
Enugu,6.450031351,7.499996703,Nigeria
Essen,51.44999778,7.016615355,Germany
Faisalabad,31.40998069,73.10999711,Pakistan
Faridabad,28.4333333,77.3166667,India
Fez,34.05459963,-5.000377239,Morocco
Florence,43.78000083,11.25000036,Italy
Florianopolis,-27.57998452,-48.52002059,Brazil
Fort Lauderdale,26.13606488,-80.14178552,United States of America
Fortaleza,-3.750017884,-38.57998132,Brazil
Foshan,23.03005292,113.1200097,China
Frankfurt,50.09997683,8.67501542,Germany
Fresno,36.7477169,-119.7729841,United States of America
Ft. Worth,32.73997703,-97.34003809,United States of America
Fukuoka,33.59501528,130.4100138,Japan
Fushun,41.86538902,123.8699996,China
Fuxin,42.0104706,121.6600052,China
Fuyang,30.0533333,119.9519444,China
Fuzhou,26.07999595,119.3000459,China
Ganzhou,25.91997988,114.9500272,China
Gaziantep,37.07498374,37.38499426,Turkey
Gdansk,54.3599752,18.64004024,Poland
General Santos,6.110827249,125.1747261,Philippines
Geneva,46.21000755,6.140028034,Switzerland
Genoa,44.40998822,8.930038614,Italy
George Town,5.413613156,100.3293679,Malaysia
Ghaziabad,28.66038108,77.40839107,India
Glasgow,55.87440472,-4.250707236,United Kingdom
Goiania,-16.72002724,-49.30002466,Brazil
Gorakhpur,26.75039431,83.38001623,India
Goteborg,57.75000083,12.0000321,Sweden
Goyang,37.65273586,126.8372485,South Korea
Grand Prairie,32.68476076,-97.02023849,United States of America
Guadalajara,20.67001609,-103.3300342,Mexico
Guangzhou,23.1449813,113.3250101,China
Guatemala,14.62113466,-90.52696558,Guatemala
Guayaquil,-2.220033754,-79.92004195,Ecuador
Guilin,25.2799931,110.280028,China
Guiyang,26.58004295,106.7200386,China
Gujranwala,32.16042584,74.18502193,Pakistan
Guntur,16.32999676,80.4500142,India
Guwahati,26.16001691,91.76999508,India
Gwalior,26.2299868,78.18007523,India
Gwangju,35.1709656,126.9104341,South Korea
Hachioji,35.65770591,139.3260587,Japan
Haifa,32.8204114,34.98002478,Israel
Haikou,20.05000226,110.3200256,China
Haiphong,20.83000633,106.6800927,Vietnam
Hamamatsu,34.71807334,137.7327193,Japan
Hamburg,53.55002464,9.999999144,Germany
Hamhung,39.91005617,127.5454341,North Korea
Hamilton,43.24998151,-79.82999577,Canada
Handan,36.5799752,114.4799784,China
Hangzhou,30.24997398,120.1700187,China
Hannover,52.36697023,9.716657266,Germany
Hanoi,21.03332725,105.8500142,Vietnam
Haora,22.58039044,88.32994665,India
Harare,-17.81778969,31.04470943,Zimbabwe
Harbin,45.74998395,126.6499849,China
Hartford,41.77002016,-72.67996708,United States of America
Havana,23.13195884,-82.36418217,Cuba
Hechi,23.09653465,109.6091129,China
Hefei,31.85003135,117.2800142,China
Hegang,47.40001243,130.3700162,China
Helsinki,60.17556337,24.93412634,Finland
Hengyang,26.88002464,112.5900162,China
Hermosillo,29.09888145,-110.954065,Mexico
Heze,35.22998008,115.4500484,China
Hims,34.72995892,36.72002193,Syria
Hiroshima,34.3878351,132.442913,Japan
Ho Chi Minh City,10.78002545,106.6950272,Vietnam
Hohhot,40.81997479,111.6599955,China
Hong Kong,22.3049809,114.1850093,Hong Kong S.A.R.
Honolulu,21.30687644,-157.8579979,United States of America
Houston,29.81997438,-95.33997929,United States of America
Hsinchu,24.8167914,120.9767395,Taiwan
Huaibei,33.95036826,116.7500207,China
Huainan,32.62998374,116.9799808,China
Huaiyin,33.58000327,119.0299849,China
Huambo,-12.74998533,15.76000932,Angola
Huangshi,30.22000165,115.0999922,China
Hubli,15.35997845,75.12501623,India
Hue,16.46998822,107.5800378,Vietnam
Hungnam,39.82313641,127.6231555,North Korea
Huzhou,30.87037539,120.0999971,China
Hyderabad,17.39998313,78.47995357,India
Hyderabad,25.379987,68.37498897,Pakistan
Ibadan,7.380026264,3.929982054,Nigeria
Icel,36.79998761,34.61999508,Turkey
Ikare,7.530430521,5.759999551,Nigeria
Ilorin,8.490010192,4.549995889,Nigeria
Incheon,37.47614789,126.6422334,South Korea
Indianapolis,39.74998842,-86.17004806,United States of America
Indore,22.71505922,75.86502274,India
Ipoh,4.599989236,101.0649833,Malaysia
Irbil,36.1790436,44.00862097,Iraq
Irkutsk,52.31997052,104.2450476,Russia
Irvine,33.68041058,-117.8299502,United States of America
Isfahan,32.70000531,51.7000378,Iran
Islamabad,33.69999595,73.16663448,Pakistan
Istanbul,41.10499615,29.01000159,Turkey
Izhevsk,56.85002993,53.23002193,Russia
Izmir,38.43614968,27.15179401,Turkey
Jabalpur,23.17505699,79.95505733,India
Jaboatao,-8.110010153,-35.02004358,Brazil
Jacksonville,30.33002077,-81.66998682,United States of America
Jaipur,26.92113324,75.80998734,India
Jakarta,-6.174417705,106.8294376,Indonesia
Jammu,32.71178754,74.84673865,India
Jamshedpur,22.78753542,86.19751868,India
Jeddah,21.51688946,39.21919755,Saudi Arabia
Jeonju,35.83141624,127.1403942,South Korea
Jerusalem,31.77840782,35.20662593,Israel
Jhansi,25.45295412,78.55746822,India
Jiamusi,46.83002138,130.3500175,China
Jiangmen,22.58039044,113.0800122,China
Jianmen,30.65005292,113.1600073,China
Jiaozuo,35.2500047,113.2200036,China
Jiaxing,30.77040733,120.7499833,China
Jilin,43.84997072,126.5500427,China
Jinan,36.67498232,116.9950187,China
Jincheng,35.50037701,112.8300016,China
Jinhua,29.12004295,119.6499987,China
Jining,35.40040895,116.5500329,China
Jinxi,40.7503408,120.8299784,China
Jinzhou,41.12036989,121.1000394,China
Jiujiang,29.72997988,115.9800419,China
Jixi,45.29995974,130.9700313,China
Joao Pessoa,-7.10113513,-34.87607117,Brazil
Jodhpur,26.29176597,73.01677283,India
Johannesburg,-26.17004474,28.03000972,South Africa
Johor Bahru,1.480024637,103.7300402,Malaysia
Joinville,-26.31995807,-48.83994938,Brazil
Jos,9.929973978,8.890041055,Nigeria
Jullundur,31.33492067,75.56902014,India
Kabul,34.51669029,69.18326005,Afghanistan
Kaduna,10.52001548,7.440000365,Nigeria
Kagoshima,31.58596478,130.561064,Japan
Kaifeng,34.85000327,114.3500122,China
Kalyan,19.25023195,73.16017493,India
Kampala,0.316658955,32.58332353,Uganda
Kananga,-5.890042299,22.40001745,Congo (Kinshasa)
Kanazawa,36.56000226,136.6400211,Japan
Kandahar,31.61002016,65.69494584,Afghanistan
Kano,11.99997683,8.5200378,Nigeria
Kanpur,26.4599986,80.3199963,India
Kansas City,39.10708851,-94.60409422,United States of America
Kaohsiung,22.63330711,120.2666019,Taiwan
Karachi,24.86999229,66.99000891,Pakistan
Karaj,35.8003587,50.97000484,Iran
Kathmandu,27.71669191,85.31664221,Nepal
Katowice,50.26038047,19.02001705,Poland
Kawasaki,35.52998761,139.705002,Japan
Kayseri,38.73495994,35.49001949,Turkey
Kazan,55.74994204,49.12634477,Russia
Kelang,3.020369892,101.5500183,Malaysia
Kerman,30.29999676,57.08001949,Iran
Kermanshah,34.38000612,47.06001094,Iran
Khabarovsk,48.4549868,135.1200105,Russia
Kharkiv,49.99998293,36.25002478,Ukraine
Khartoum,15.58807823,32.53417924,Sudan
Khulna,22.839987,89.56000077,Bangladesh
Kiev,50.43336733,30.51662797,Ukraine
Kigali,-1.953590069,30.06053178,Rwanda
Kingston,17.97707662,-76.76743371,Jamaica
Kinshasa,-4.329724102,15.31497188,Congo (Kinshasa)
Kirkuk,35.4722392,44.3922668,Iraq
Kisangani,0.520005716,25.22000036,Congo (Kinshasa)
Kitakyushu,33.87039899,130.8200146,Japan
Kobe,34.67998781,135.1699816,Japan
Kobenhavn,55.67856419,12.56348575,Denmark
Kochi,10.01500755,76.22391557,India
Kolhapur,16.70000002,74.22000688,India
Kolkata,22.4949693,88.32467566,India
Konya,37.87501243,32.47500972,Turkey
Kota,25.17999921,75.83499874,India
Kozhikode,11.25043601,75.76998979,India
Krakow,50.05997927,19.96001135,Poland
Krasnodar,45.01997683,39.0000378,Russia
Krasnoyarsk,56.01398277,92.86600053,Russia
Kryvyy Rih,47.92832644,33.34498246,Ukraine
Kuala Lumpur,3.166665872,101.6999833,Malaysia
Kuching,1.529969909,110.3299991,Malaysia
Kumamoto,32.80092938,130.700642,Japan
Kumasi,6.689990864,-1.630014487,Ghana
Kunming,25.06998008,102.6799751,China
Kuwait,29.36971763,47.97830115,Kuwait
Kyoto,35.02999229,135.7499979,Japan
La Paz,-16.49797361,-68.14998519,Bolivia
Lagos,6.443261653,3.391531071,Nigeria
Lahore,31.55997154,74.35002478,Pakistan
Langfang,39.5203642,116.6799991,China
Lanzhou,36.05602785,103.7920003,China
Las Vegas,36.20999778,-115.2200061,United States of America
Leeds,53.83000755,-1.580017539,United Kingdom
Leipzig,51.33540529,12.40998124,Germany
Leon,21.1499868,-101.7000304,Mexico
Leshan,29.56709576,103.7333475,China
Lianyungang,34.60043194,119.170028,China
Liaoyang,41.27999839,123.1800158,China
Libreville,0.38538861,9.457965046,Gabon
Lille,50.64996909,3.080008096,France
Lilongwe,-13.98329507,33.78330196,Malawi
Lima,-12.04801268,-77.05006209,Peru
Linfen,36.08034161,111.520004,China
Lingyuan,41.24,119.4011111,China
Linyi,35.07998924,118.329976,China
Lipetsk,52.62000389,39.63999874,Russia
Lisbon,38.72272288,-9.144866305,Portugal
Liuzhou,24.28000246,109.2500134,China
Liverpool,53.41600181,-2.917997886,United Kingdom
Lodz,51.77499086,19.45136023,Poland
Lome,6.131937072,1.222757119,Togo
London,51.49999473,-0.116721844,United Kingdom
Long Beach,33.78696739,-118.1580439,United States of America
Los Angeles,33.98997825,-118.1799805,United States of America
Louisville,38.22501691,-85.74870427,United States of America
Luan,31.75034751,116.4800114,China
Luanda,-8.838286114,13.23442704,Angola
Lubumbashi,-11.6800248,27.48001745,Congo (Kinshasa)
Lucknow,26.85503908,80.91499874,India
Ludhiana,30.92776206,75.87225745,India
Luoyang,34.67998781,112.4700752,China
Lupanshui,26.59443483,104.8333321,China
Lusaka,-15.41664427,28.28332759,Zambia
Luxor,25.70001914,32.6500378,Egypt
Luzhou,28.87998008,105.380017,China
Lvov,49.83498008,24.02999548,Ukraine
Lyon,45.77000856,4.830030475,France
Maanshan,31.73040041,118.4800443,China
Macau,22.20299746,113.5450484,Macau S.A.R
Maceio,-9.619995505,-35.72997441,Brazil
Madrid,40.40002626,-3.683351686,Spain
Madurai,9.920026264,78.12002722,India
Maiduguri,11.84996014,13.16001298,Nigeria
Makhachkala,42.98002382,47.49998409,Russia
Makkah,21.43002138,39.82003943,Saudi Arabia
Malacca,2.206414407,102.2464615,Malaysia
Malaga,36.7204059,-4.419999228,Spain
Malang,-7.97999225,112.610015,Indonesia
Malegaon,20.5603587,74.52500118,India
Managua,12.15301658,-86.26849166,Nicaragua
Manaus,-3.100031719,-60.00001754,Brazil
Manchester,53.50041526,-2.247987103,United Kingdom
Mandalay,21.96998842,96.08502885,Myanmar
Mangalore,12.90002525,74.84999426,India
Manila,14.60415895,120.9822172,Philippines
Mannheim,49.50037518,8.470015013,Germany
Maoming,21.92040489,110.8700179,China
Maputo,-25.95527749,32.58916296,Mozambique
Mar del Plata,-38.00002033,-57.57998438,Argentina
Maracaibo,10.72997683,-71.65997766,Venezuela
Maracay,10.2468797,-67.59580713,Venezuela
Marrakesh,31.6299931,-7.999987428,Morocco
Marseille,43.28997906,5.37501013,France
Masan,35.21910219,128.583562,South Korea
Mashhad,36.27001996,59.5699967,Iran
Matola,-25.96959186,32.46002356,Mozambique
Matsuyama,33.84554262,132.765839,Japan
Mbuji-Mayi,-6.150026429,23.59999589,Congo (Kinshasa)
Medan,3.579973978,98.65004024,Indonesia
Medellin,6.275003274,-75.57501001,Colombia
Medina,24.49998903,39.5800024,Saudi Arabia
Meerut,29.00041201,77.70000118,India
Meknes,33.90042299,-5.559981325,Morocco
Melbourne,-37.82003131,144.9750162,Australia
Memphis,35.1199868,-89.99999516,United States of America
Mendoza,-32.88333006,-68.81661117,Argentina
Merida,20.96663881,-89.61663355,Mexico
Mesa,33.42391461,-111.7360844,United States of America
Mexicali,32.64998252,-115.4800161,Mexico
Mexico City,19.44244244,-99.1309882,Mexico
Miami,25.7876107,-80.22410608,United States of America
Mianyang,31.46997703,104.7699768,China
Milan,45.4699752,9.20500891,Italy
Milwaukee,43.05265505,-87.91996708,United States of America
Minneapolis,44.97997927,-93.25178634,United States of America
Minsk,53.89997744,27.56662716,Belarus
Mogadishu,2.066681334,45.36667761,Somalia
Mombasa,-4.040026022,39.68991817,Kenya
Monrovia,6.31055666,-10.80475163,Liberia
Monterrey,25.66999514,-100.3299848,Mexico
Montevideo,-34.85804157,-56.17105229,Uruguay
Montréal,45.49999921,-73.58329696,Canada
Moradabad,28.8417912,78.75678422,India
Morelia,19.73338076,-101.189493,Mexico
Moscow,55.75216412,37.61552283,Russia
Mosul,36.34500246,43.14500443,Iraq
Mudangiang,44.57501691,129.5900122,China
Multan,30.19997703,71.45500769,Pakistan
Mumbai,19.01699038,72.8569893,India
Munich,48.12994204,11.57499345,Germany
Muscat,23.61332481,58.59331213,Oman
Mysore,12.30998374,76.66001298,India
Nagoya,35.15499758,136.9149914,Japan
Nagpur,21.16995974,79.08999385,India
Naha,26.20717165,127.6729716,Japan
Nairobi,-1.283346742,36.81665686,Kenya
Namangan,41.00001548,71.66998165,Uzbekistan
Nampo,38.76692078,125.4524338,North Korea
Nanchang,28.67999229,115.8799963,China
Nanchong,30.78043256,106.1299971,China
Nanded,19.16997845,77.30002559,India
Nanjing,32.05001914,118.7799743,China
Nanning,22.81998822,108.3200443,China
Nantong,32.0303821,120.8250175,China
Nanyang,33.00040041,112.5300199,China
Naples,40.84002525,14.24501135,Italy
Nashville,36.16997438,-86.77998499,United States of America
Nasik,20.00041872,73.77998205,India
Natal,-6.983825664,-60.26994938,Brazil
Natal,-5.780023174,-35.24000431,Brazil
Naypyidaw,19.76655703,96.11861853,Myanmar
Ndjamena,12.11309654,15.04914831,Chad
Neijiang,29.58037661,105.0500114,China
Nellore,14.43998293,79.98993892,India
New Haven,41.33038291,-72.90000533,United States of America
New Orleans,29.99500246,-90.03996688,United States of America
New Taipei,25.01277778,121.465,Taiwan
New York,40.74997906,-73.98001693,United States of America
Newcastle,-32.84534788,151.8150122,Australia
Newcastle,55.00037539,-1.59999048,United Kingdom
Nezahualcoyotl,19.41001548,-99.02998661,Mexico
Niamey,13.51670595,2.116656045,Niger
Nice,43.71501772,7.265023965,France
Niigata,37.91999676,139.0400297,Japan
Ningbo,29.87997072,121.5500378,China
Niteroi,-22.90001178,-43.09998967,Brazil
Nizhny Novgorod,56.33300722,44.00009436,Russia
Norfolk,36.84995872,-76.28000574,United States of America
Nottingham,52.97034426,-1.170016725,United Kingdom
Nouakchott,18.08642702,-15.97534041,Mauritania
Nova Iguacu,-22.74002155,-43.46996708,Brazil
Novo Hamburgo,-29.70962197,-51.13998987,Brazil
Novokuznetsk,53.75001243,87.11498205,Russia
Novosibirsk,55.02996014,82.96004187,Russia
Nurnberg,49.44999066,11.0799849,Germany
Oakland,37.76892071,-122.2211034,United States of America
Odessa,46.4900163,30.71000118,Ukraine
Ogbomosho,8.130006326,4.239988972,Nigeria
Okayama,34.67202964,133.9170865,Japan
Oklahoma City,35.47004295,-97.51868351,United States of America
Olinda,-7.999991029,-34.8499506,Brazil
Omaha,41.24000083,-96.00999007,United States of America
Omdurman,15.61668113,32.48002234,Sudan
Omsk,54.98998842,73.39995357,Russia
Oran,35.71000246,-0.61997278,Algeria
Orenburg,51.77997764,55.11001054,Russia
Orlando,28.50997683,-81.38003036,United States of America
Orumiyeh,37.52999473,44.99998165,Iran
Osaka,34.75003522,135.4601448,Japan
Oslo,59.91669029,10.74997921,Norway
Ottawa,45.4166968,-75.7000153,Canada
Ouagadougou,12.37031598,-1.524723756,Burkina Faso
Padang,-0.960007305,100.3600134,Indonesia
Palembang,-2.980039043,104.7500297,Indonesia
Palermo,38.12502301,13.35002722,Italy
Panama City,8.96801719,-79.53303715,Panama
Paris,48.86669293,2.333335326,France
Patna,25.62495913,85.13003861,India
Pekanbaru,0.564964212,101.425013,Indonesia
Pereira,4.81038983,-75.67999068,Colombia
Perm,57.99995974,56.24999263,Russia
Perth,-31.95501463,115.8399987,Australia
Peshawar,34.00501609,71.53500281,Pakistan
Philadelphia,39.99997316,-75.16999597,United States of America
Phnom Penh,11.55003013,104.9166345,Cambodia
Phoenix,33.53997988,-112.0699917,United States of America
Pietermaritzburg,-29.61004148,30.39002071,South Africa
Pingdingshan,33.73040753,113.2999987,China
Pingxiang,27.62000531,113.8500427,China
Pittsburgh,40.4299986,-79.99998539,United States of America
Pointe-Noire,-4.770007305,11.88003943,Congo (Brazzaville)
Pontianak,-0.029986553,109.3199833,Indonesia
Port Elizabeth,-33.97003375,25.60002885,South Africa
Port Harcourt,4.810002257,7.010000772,Nigeria
Port-au-Prince,18.5410246,-72.33603459,Haiti
Portland,45.52002382,-122.6799901,United States of America
Porto,41.15000633,-8.620001263,Portugal
Porto Alegre,-30.05001463,-51.20001205,Brazil
Poznan,52.4057534,16.89993974,Poland
Prague,50.08333701,14.46597978,Czech Republic
Pretoria,-25.70692055,28.22942908,South Africa
Providence,41.82110231,-71.4149797,United States of America
Puch'on,37.4988889,126.7830556,South Korea
Puebla,19.04995994,-98.20003727,Mexico
Puerto la Cruz,10.16995933,-64.68001612,Venezuela
Pune,18.53001752,73.85000362,India
Puyang,35.70039064,114.9799996,China
Pyongyang,39.0194387,125.7546907,North Korea
Qingdao,36.08997927,120.3300089,China
Qingyuan,23.7003996,113.0300927,China
Qinhuangdao,39.93036501,119.6200264,China
Qiqihar,47.34497703,123.9899922,China
Qom,34.65001548,50.95000606,Iran
Quanzhou,24.9000163,118.5799865,China
Quebec,46.83996909,-71.24561019,Canada
Queretaro,20.63001853,-100.3799817,Mexico
Quetta,30.22000165,67.02499385,Pakistan
Quezon City,14.6504352,121.0299662,Philippines
Qui Nhon,13.77997154,109.1800435,Vietnam
Quito,-0.214988181,-78.50005111,Ecuador
Rabat,34.02529909,-6.83613082,Morocco
Raipur,21.23499453,81.63500647,India
Rajkot,22.31001935,70.80000891,India
Rajshahi,24.37498374,88.6050203,Bangladesh
Raleigh,35.81878135,-78.64469344,United States of America
Ranchi,23.37000633,85.33002641,India
Rangoon,16.7833541,96.16667761,Myanmar
Rasht,37.29998293,49.62998328,Iran
Raurkela,22.2304118,84.82995357,India
Rawalpindi,33.59997622,73.04002722,Pakistan
Recife,-8.075645326,-34.91560551,Brazil
Ribeirao Preto,-21.17003986,-47.82998519,Brazil
Richmond,37.55001935,-77.449986,United States of America
Riga,56.95002382,24.09996537,Latvia
Rio de Janeiro,-22.92502317,-43.22502079,Brazil
Riyadh,24.64083315,46.77274166,Saudi Arabia
Rizhao,35.43038129,119.4500109,China
Rome,41.89595563,12.48325842,Italy
Rosario,-32.95112954,-60.66630762,Argentina
Rostov,47.23464785,39.7126558,Russia
Rotterdam,51.9199691,4.479974323,Netherlands
Ryazan,54.61995933,39.71999385,Russia
Sacramento,38.57502138,-121.4700381,United States of America
Saidu,34.75003522,72.34999182,Pakistan
Salem,11.66999697,78.18007523,India
Salerno,40.68039675,14.76994055,Italy
Salt Lake City,40.7750163,-111.9300519,United States of America
Saltillo,25.41995872,-101.0049823,Mexico
Salvador,-12.9699719,-38.47998743,Brazil
Samara,53.19500755,50.15129512,Russia
Samarqand,39.67001914,66.94499874,Uzbekistan
Samsun,41.27999839,36.34366247,Turkey
San Antonio,29.48733319,-98.50730534,United States of America
San Bernardino,34.12038373,-117.3000342,United States of America
San Diego,32.82002382,-117.1799899,United States of America
San Francisco,37.74000775,-122.4599777,United States of America
San Jose,9.93501243,-84.08405135,Costa Rica
San Jose,37.29998293,-121.8499891,United States of America
San Juan,18.44002301,-66.12997929,Puerto Rico
San Luis Potosi,22.16997622,-100.9999956,Mexico
San Miguel de Tucuman,-26.81600014,-65.21662419,Argentina
San Pedro Sula,15.50002159,-88.02998621,Honduras
San Salvador,13.71000165,-89.20304122,El Salvador
Sanaa,15.3547333,44.20659338,Yemen
Sangli,16.86040367,74.57502397,India
Santa Cruz,-17.75391762,-63.22599634,Bolivia
Santiago,-33.45001382,-70.66704085,Chile
Santiago,19.50000999,-70.67001225,Dominican Republic
Santiago de Cuba,20.0250167,-75.82132573,Cuba
Santo Andre,-23.65283405,-46.52781661,Brazil
Santo Domingo,18.47007285,-69.90008508,Dominican Republic
Santos,-23.95372393,-46.33294266,Brazil
Sao Jose dos Campos,-23.19999347,-45.87994918,Brazil
Sao Luis,-2.515984681,-44.26599085,Brazil
Sao Paulo,-23.55867959,-46.62501998,Brazil
Sapporo,43.07497927,141.3400443,Japan
Sarajevo,43.8500224,18.38300167,Bosnia and Herzegovina
Saratov,51.57998985,46.0299963,Russia
Sargodha,32.08536582,72.6749849,Pakistan
Seattle,47.57000205,-122.339985,United States of America
Semarang,-6.966617412,110.4200195,Indonesia
Sendai,38.28710614,141.0217175,Japan
Seoul,37.5663491,126.999731,South Korea
Seville,37.40501528,-5.980007366,Spain
Shanghai,31.21645245,121.4365047,China
Shangqiu,34.45041526,115.6500362,China
Shangrao,28.47039268,117.9699979,China
Shantou,23.37000633,116.6700256,China
Shaoguan,24.79997072,113.5799816,China
Shaoxing,30.00037681,120.5700459,China
Sharjah,25.37138287,55.40647823,United Arab Emirates
Shashi,30.32002138,112.2299865,China
Sheffield,53.36667666,-1.499996583,United Kingdom
Shenyeng,41.80497927,123.4499735,China
Shenzhen,22.55237051,114.1221231,China
Shihezi,44.29996909,86.02993201,China
Shijianzhuang,38.05001467,114.4799784,China
Shiraz,29.62996014,52.57001054,Iran
Shiyan,32.57003908,110.7799975,China
Shizuoka,34.98583478,138.3853926,Japan
Sholapur,17.6704059,75.90000769,India
Shuyang,34.12986635,118.7733597,China
Siliguri,26.72042198,88.45500362,India
Singapore,1.293033466,103.8558207,Singapore
Siping,43.17001223,124.3300232,China
Sofia,42.68334943,23.31665401,Bulgaria
Sokoto,13.06001548,5.240031289,Nigeria
Soledad,10.92001691,-74.76999455,Colombia
Songnam,37.4386111,127.1377778,South Korea
Sorocaba,-23.49000161,-47.46998132,Brazil
Srinagar,34.09997154,74.81500932,India
St. Louis,38.63501772,-90.23998051,United States of America
St. Paul,44.94398663,-93.08497481,United States of America
St. Petersburg,59.93901451,30.31602006,Russia
St. Petersburg,27.77053876,-82.67938257,United States of America
Stockholm,59.35075995,18.09733473,Sweden
Stuttgart,48.77997988,9.199996296,Germany
Suining,30.5333333,105.5333333,China
Surabaya,-7.249235821,112.7508333,Indonesia
Surakarta,-7.564978822,110.8250077,Indonesia
Surat,21.19998374,72.84003943,India
Suwon,37.25778912,127.0108931,South Korea
Suzhou,31.30047833,120.620017,China
Suzhou,33.6361111,116.9788889,China
Sydney,-33.92001097,151.1851798,Australia
Tabriz,38.08629152,46.30124589,Iran
Tabuk,28.38383465,36.55496741,Saudi Arabia
Taian,36.19999839,117.1200756,China
Taichung,24.15207745,120.681667,Taiwan
Tainan,23.00000307,120.2000427,Taiwan
Taipei,25.03583333,121.5683333,Taiwan
Taiyuan,37.87501243,112.5450577,China
Taizhou,32.4904057,119.9000093,China
Taizz,13.60445253,44.03942012,Yemen
Tampa,27.94698793,-82.45862085,United States of America
Tampico,22.30001996,-97.87000574,Mexico
Tangier,35.74728701,-5.832703696,Morocco
Tangshan,39.62433718,118.194377,China
Tanjungkarang-Telubketung,-5.449604066,105.3000219,Indonesia
Tarsus,36.9203937,34.87997921,Turkey
Tashkent,41.31170188,69.29493282,Uzbekistan
Tbilisi,41.72500999,44.79079545,Georgia
Tegucigalpa,14.1020449,-87.21752934,Honduras
Tehran,35.67194277,51.42434403,Iran
Tel Aviv-Yafo,32.07999147,34.77001176,Israel
Teresina,-5.095000388,-42.7800092,Brazil
The Hague,52.08003684,4.269961302,Netherlands
Thessaloniki,40.69610638,22.88500077,Greece
Thiruvananthapuram,8.499983743,76.95002112,India
Tianjin,39.13002626,117.2000191,China
Tianshui,34.60001853,105.9199841,China
Tijuana,32.50001752,-117.079996,Mexico
Tirana,41.32754071,19.81888301,Albania
Tiruchirappalli,10.80999778,78.68996659,India
Tiruppur,11.08042055,77.32999792,India
Tokyo,35.68501691,139.7514074,Japan
Toluca,19.3303821,-99.66999923,Mexico
Tolyatti,53.48039064,49.53004106,Russia
Tongliao,43.61995892,122.2699939,China
Toronto,43.69997988,-79.42002079,Canada
Torreon,25.57005292,-103.4200029,Mexico
Toulouse,43.61995892,1.449926716,France
Tripoli,32.89250002,13.18001176,Libya
Trujillo,-8.120035381,-79.01996769,Peru
Tucson,32.20499676,-110.8899862,United States of America
Tulsa,36.12000327,-95.93002079,United States of America
Tunis,36.80277814,10.1796781,Tunisia
Turin,45.07038719,7.669960489,Italy
Ufa,54.78997479,56.04003129,Russia
Ujungpandang,-5.139958884,119.4320275,Indonesia
Ulaanbaatar,47.9166734,106.9166158,Mongolia
Ulsan,35.54673077,129.3169539,South Korea
Ulyanovsk,54.32997703,48.41000606,Russia
Urumqi,43.80501223,87.57500565,China
Utsunomiya,36.54997703,139.8700048,Japan
Vadodara,22.31001935,73.18001868,India
Valencia,39.48501752,-0.400012046,Spain
Valencia,10.22998151,-67.9800214,Venezuela
Vancouver,49.27341658,-123.1216442,Canada
Varanasi,25.32999005,83.00003943,India
Veracruz,19.17734235,-96.15998092,Mexico
Vereeniging,-26.64960203,27.95998816,South Africa
Vienna,48.20001528,16.36663896,Austria
Vientiane,17.96669273,102.59998,Laos
Vijayawada,16.51995933,80.63000321,India
Vila Velha,3.21666282,-51.21665186,Brazil
Vila Velha,-20.36760822,-40.31798893,Brazil
Vilnius,54.68336631,25.31663529,Lithuania
Vinh,18.6999813,105.6799987,Vietnam
Virginia Beach,36.85321433,-75.97831873,United States of America
Vishakhapatnam,17.73001467,83.30498205,India
Vitoria,-20.32399331,-40.36599634,Brazil
Vladivostok,43.13001467,131.9100256,Russia
Volgograd,48.71000999,44.49996049,Russia
Voronezh,51.72998069,39.26999548,Russia
Wanxian,30.81999086,108.4000394,China
Warangal,18.00999758,79.57998979,India
Warri,5.519958922,5.759999551,Nigeria
Warsaw,52.25000063,20.99999955,Poland
Weifang,36.7204059,119.1001098,China
Wenzhou,28.0199809,120.6500927,China
West Palm Beach,26.74501996,-80.12362126,United States of America
Winnipeg,49.88298749,-97.16599186,Canada
Wroclaw,51.11043194,17.03000932,Poland
Wuhan,30.58003135,114.270017,China
Wuhu,31.3504236,118.3699735,China
Wuppertal,51.25000999,7.169991006,Germany
Wuxi,31.57999615,120.2999849,China
Xiamen,24.44999208,118.080017,China
Xian,34.27502545,108.8949963,China
Xiangfan,32.01999514,112.1300443,China
Xiangtai,37.04997235,114.5000288,China
Xiangtan,27.85043052,112.9000232,China
Xiantao,30.3704059,113.4400419,China
Xianyang,34.3455556,108.7147222,China
Xingyi,25.09041811,104.8900211,China
Xining,36.6199986,101.7700048,China
Xinxiang,35.32043968,113.8699898,China
Xinyang,32.130376,114.0699776,China
Xinyi,34.38000612,118.3500264,China
Xinyu,27.80002016,114.9299768,China
Xuanzhou,30.9525,118.7552778,China
Xuzhou,34.28001223,117.1800203,China
Yancheng,33.3855556,120.1252778,China
Yangjiang,21.85040916,111.9700024,China
Yangquan,37.86997398,113.5700081,China
Yangzhou,32.39999778,119.4300122,China
Yantai,37.53040814,121.4000211,China
Yaounde,3.866700662,11.51665076,Cameroon
Yaroslavl,57.61998293,39.87001054,Russia
Yekaterinburg,56.85002993,60.59995967,Russia
Yerevan,40.18115074,44.51355139,Armenia
Yibin,28.7699868,104.5700406,China
Yichang,30.69997235,111.2800187,China
Yichun,27.8333333,114.4,China
Yinchuan,38.46797365,106.2730375,China
Yingkow,40.67034568,122.2800191,China
Yiyang,28.60041058,112.3300321,China
Yogyakarta,-7.77995278,110.3750093,Indonesia
Yokohama,35.32002626,139.5800484,Japan
Yongzhou,26.23037437,111.6199979,China
Yuci,37.68039899,112.7300077,China
Yueyang,29.38005292,113.1000109,China
Yulin,22.62997398,110.1500101,China
Zagreb,45.80000673,15.99999467,Croatia
Zahedan,29.49999392,60.83002315,Iran
Zamboanga,6.919976826,122.0800313,Philippines
Zaozhuang,34.88000144,117.5700223,China
Zaporizhzhya,47.85729718,35.17680863,Ukraine
Zaragoza,41.65000165,-0.889982138,Spain
Zaria,11.0799813,7.710009724,Nigeria
Zhangjiakou,40.83000002,114.9299768,China
Zhangzhou,24.52037539,117.6700162,China
Zhanjiang,21.19998374,110.3800219,China
Zhanyi,25.6004645,103.8166499,China
Zhengzhou,34.75499615,113.6650927,China
Zhenjiang,32.21998293,119.4300122,China
Zhongli,24.96502525,121.2167765,Taiwan
Zhucheng,35.98995953,119.3800927,China
Zhuhai,22.2769444,113.5677778,China
Zhuzhou,27.82999249,113.1500337,China
Zibo,36.79998761,118.049993,China
Zigong,29.40000002,104.780002,China
Zunyi,27.70002626,106.9200264,China
Zurich,47.37998781,8.55001013,Switzerland
